oblast,oblast_name,dv2009,dv2010,dv2011,dv2012,dv2013,dv2014,dv2015,dv2016,dv2017,dv2018,dv2019,dv2020,dv2021,dv2022,dv2023
0,Kyrgyz Republic,1927,1659,1714,2341,2269,2521,3229,6795,6966,6562,5989,8060,8587,8347,11002
5,Batken oblast,143,123,110,151,149,88,56,313,340,274,182,246,263,225,13
3,Jalal-Abad oblast,227,109,134,178,176,376,440,1206,1074,1151,676,674,617,593,20
2,Issyk-Kul oblast,158,129,128,132,183,238,304,533,827,379,346,693,646,637,37
4,Naryn oblast,124,102,101,131,123,145,208,270,337,336,276,323,278,255,22
6,Osh oblast,197,249,300,342,391,540,538,564,607,636,689,599,520,549,23
7,Talas oblast,102,90,97,144,114,125,156,198,251,202,181,245,264,263,22
8,Chui oblast,344,332,283,460,415,371,476,1614,1713,1816,986,1664,2234,1826,78
11,Bishkek city,539,485,535,760,660,603,752,1826,1477,1342,2327,3369,3395,3641,108
21,Osh city,93,40,26,43,0,35,299,271,340,426,326,247,370,358,8
