oblast,oblast_name,pop2012,pop2013,pop2014,pop2015,pop2016,pop2017,pop2018,pop2019,pop2020,pop2021,pop2022,pop2023,pop2024
0,Kyrgyz Republic,5551.9,5663.1,5776.6,5895.1,6019.5,6140.2,6256.7,6389.5,6523.5,6636.8,6912.9,7037.6,7161.9
5,Batken oblast,448.9,458.9,469.7,480.7,492.6,503.5,513.6,525.1,537.3,548.2,559.5,570.9,583.4
3,Jalal-Abad oblast,1054.3,1076.7,1099.2,1122.4,1146.5,1168.7,1190.6,1214.4,1238.8,1260.6,1288.4,1311,1335.8
2,Issyk-Kul oblast,448,453.4,458.5,463.9,470.1,476.8,483,489.8,496.1,501.9,533.8,538.4,544.4
4,Naryn oblast,264.9,268,271.3,274.5,277.6,281,283.8,287,289.6,292.1,306.5,308.4,312.1
6,Osh oblast,1147.7,1173.2,1199.9,1228.4,1259.7,1287.5,1314.1,1341.9,1368.1,1391.7,1435.5,1460.4,1490.1
7,Talas oblast,235.3,239.5,243.4,247.2,251.3,255.2,259,263.5,267.4,271,270.3,273.5,277.1
8,Chui oblast,822.6,838.4,853.7,870.3,887.5,905.2,921.7,941.1,959.8,975,1054.5,1068.7,1086.8
11,Bishkek city,874.4,894.6,915.7,937.4,958.5,980.4,1002.1,1027.2,1053.9,1074.1,1113.8,1145,1165.5
21,Osh city,255.8,260.4,265.2,270.3,270.3,281.9,288.8,299.5,312.5,322.2,350.6,361.3,366.7
